{
    "n_layers": 1,
    "n_units_l0": 10,
    "dropout_l0": 0.3887842398321384,
    "optimizer": "Adam",
    "learning_rate": 0.08327234545534351,
    "mini_batch_size": 39,
    "epochs": 23
}