{
    "n_layers": 2,
    "n_units_l0": 14,
    "dropout_l0": 0.2940164238422759,
    "n_units_l1": 10,
    "dropout_l1": 0.3624778120321157,
    "optimizer": "RMSprop",
    "learning_rate": 0.07002727470548065,
    "mini_batch_size": 61,
    "epochs": 10
}