{
    "n_layers": 1,
    "n_units_l0": 16,
    "dropout_l0": 0.10996153896979885,
    "optimizer": "RMSprop",
    "learning_rate": 0.08039820597914264,
    "mini_batch_size": 4,
    "epochs": 42
}