{
    "n_layers": 2,
    "n_units_l0": 9,
    "dropout_l0": 0.20516684650148634,
    "n_units_l1": 6,
    "dropout_l1": 0.17104985051762156,
    "optimizer": "Adam",
    "learning_rate": 0.062198207523792376,
    "mini_batch_size": 60,
    "epochs": 25
}