{
    "n_layers": 3,
    "n_units_l0": 15,
    "dropout_l0": 0.2612860158287633,
    "n_units_l1": 11,
    "dropout_l1": 0.20963549221739708,
    "n_units_l2": 11,
    "dropout_l2": 0.22969339965067476,
    "optimizer": "RMSprop",
    "learning_rate": 0.07835837670037221,
    "mini_batch_size": 19,
    "epochs": 18
}