{
    "n_layers": 2,
    "n_units_l0": 15,
    "dropout_l0": 0.19101794903748723,
    "n_units_l1": 12,
    "dropout_l1": 0.10052692188878676,
    "optimizer": "RMSprop",
    "learning_rate": 0.08986307305194761,
    "mini_batch_size": 8,
    "epochs": 28
}